ID,title,class_name,class_id
d4295391-9ca5-4398-b7c8-687e4a984ef1,the epitome of my life,adhd,0
649a668a-4159-49cc-9db7-f4d172040d08,"how many of you found this sub just by saying ""hey, i wonder if that exists"" and manually typing it in?",adhd,0
0b5bb230-afdf-40c0-9f03-e35aa473a46b,if counted how much walking i do while pacing around trying to find my phone my step count would be amazing.,adhd,0
289150ec-1ebd-44e0-9211-91feb57ef122,how have you improved your social skills?,adhd,0
7a94c538-d2e9-40a5-8595-72a8695263ed,my husband has been ill and is flabbergasted that he's now doing things that have always been everyday adhd symptoms for me.,adhd,0
d6baf229-9e9b-4ef6-874a-42bba4dcd2e5,"i've spent so much of my life trying to force myself to do things, that i can't tell when i'm actually sick and exhausted.",adhd,0
36522d33-91f0-4aa7-ac47-ee1049bc916f,sleep is the number one thing (and why adhd has a sick sense of humor),adhd,0
8e6fdd2d-bf9d-47b2-ba8f-62eafc5e8aaf,my son started vyvanse this morning and the difference in him is mind boggling,adhd,0
0399c24f-f891-4ef9-adc1-8cac4aad0c75,it's funny how we talk too much but also get bored of hearing what others have to say.,adhd,0
2a763e3f-e93f-4702-b36f-0751a8b56e5a,i feel like adhd traits make me a terrible human being,adhd,0
0d29d7b2-814d-4331-b054-d011a5e42b34,"after 30+ years of trying to fall asleep at night, i've finally solved it. i could scream of relief.",adhd,0
9bb70053-9d0f-49b0-9c2a-940ae812b0a7,why baking carrot muffins takes all morning,adhd,0
b962ec8e-d92d-496e-985a-141b9784b8d3,"intelligent, introverted, underachieving women with adhd undiagnosed until adulthood: i have questions for you!",adhd,0
a9867565-9123-422f-ad78-db749482e2e3,my husband is married to a child.,adhd,0
8c0b3da0-08b3-47e2-b6e7-c8aff952b338,it happened. i lost my job.,adhd,0
be1ea12b-b532-474d-afe4-2b5686667bec,nobody ever told me about the emotional side of adhd,adhd,0
532ccd35-cddc-4e43-8913-38d2d8491143,today‚Äôs adhd tax: missed a hair appointment because i was playing a computer game. i‚Äôm 39.,adhd,0
14dc9d66-4bfd-4a41-9fd7-e607cf1ecea7,anyone struggling with word retrieval during conversations?,adhd,0
856e4a53-7576-4e94-a2b7-99926ab76190,"i have to watch videos at 1.5x their normal speed because i am completely unable to focus, learn, and retain anything from them at normal speed (and other auditory processing issues).",adhd,0
ab69dbf7-db78-480d-ab7f-ec48ffeb1350,video games,adhd,0
c3f36a9e-354a-4e65-9ba3-c80f03820d22,modafinil: what was your experience with it?,adhd,0
0db5bc85-982d-4ab5-9efc-86bd4695c680,"having adhd is buying help books to try and use, but then completely forgetting about them and when you do remember them, you have no attention span to read them.",adhd,0
e81a140f-8621-4628-803c-58beb80c2ed1,"adhd shower thought: when mind/thought reading technology combines with digital assistance (ex. siri, hire someone to design my new idea), adhders will be the most productive people on the planet. particularly during those hours between going to bed and actually sleeping.",adhd,0
4a057222-cf39-4369-b399-ec50300c595b,"today i realized my pharmacy gave me the wrong dosage for my adhd medication, and this is a reminder for y'all to always always always check your meds!!!",adhd,0
ffbe4c08-8697-42e6-8a5e-75b97a41b1d5,"‚Äúi can‚Äôt keep skipping class‚Äù, i say as i continue to skip class",adhd,0
449ec5c3-9959-44d3-9865-2ca73b185f14,is there a reason why i also delay the things that i genuinely want to do?,adhd,0
797a57f1-8040-48ad-b797-3144bdf69574,i did it...... feeling proud of myself!,adhd,0
097c4cac-d4b9-4a44-b5f2-bf31ddb8e5d6,who knew it was so easy to cure adhd all along?!,adhd,0
21140c33-7443-42b7-9461-b74bf3fcff6c,what it feels like to have adhd,adhd,0
46468abd-f802-436e-a0f3-eaaa4bb6ca81,"inability to regulate anything in life, feel like a loser",adhd,0
3f23d8ab-17ec-4dfc-b497-3279d7e9ab43,just took a nice dive in the dumpster!,adhd,0
d8a21d16-31b3-4bd4-820b-441bfefeca7c,tired of seeing so much advice to parents when looking up things about adhd for myself.,adhd,0
82f31de8-6563-43e1-a2b7-7e1bfc1b3109,holy fuck i graduated. i'm finally finished,adhd,0
f5f6e43d-1a72-4cee-8d23-8350af44e3ce,"looked for books on adhd and how to cope with it, they are all 300-400 pages long. bruh, i stopped 3 times through the title.",adhd,0
c0219da9-58fd-4853-8a6b-2cff43eb4e96,how does one not get bored of other people?,adhd,0
049a9296-4acc-4e96-98cd-ccd95929fe31,what's with the lack of urgency?,adhd,0
f691d3a9-4b21-41a4-a76a-d6273de3e082,rocking chairs.,adhd,0
5ef82dda-4aed-465f-b79a-4211930b1537,things non-adhders will never understand,adhd,0
a2304a2a-b661-4ece-891e-c5855c9eec33,trying to force yourself to do something you are not interested in is essentially inflicting psychological torture to yourself.,adhd,0
a474d3f1-63bc-437a-9578-cba8a3c8ac84,"""but people without adhd also struggle with *insert thing*!""",adhd,0
03c791fe-f80e-40a1-834e-5225fc489169,do we overcomplicate everything?,adhd,0
3314d801-0930-4577-a5c7-c643b3e5e544,women with adhd - do you ever feel like people see you as a 'manic pixie dream girl'?,adhd,0
fecdb506-c45e-4688-b9c8-c27e366e4e72,my medication is paying for itself,adhd,0
fca38019-476a-41bb-a7de-2cb01e6bfecf,"if anything gives me motivation, its to succeed out of sheer spite.",adhd,0
3948cd69-5d82-4f1b-9592-59d65df557aa,one of the biggest ironies about adhd for me,adhd,0
2d495fce-0139-4818-9680-a56b651ae1d2,i've got this cycle i go through every year,adhd,0
9d40b35e-8771-4fe7-9f78-4a9e0fcb902e,sex feels like a chore that i don't want it to,adhd,0
12bcfa0e-c0ab-4427-8eb4-246bd44a251b,"i‚Äôm sorry to be a downer, but i‚Äôm tired of reading about how adhd can be/is a gift.",adhd,0
95ccf347-c593-4d81-963e-3d0947f8ecc9,"psa: despite being medicated, i advise everyone to invest in a whiteboard",adhd,0
2b22f149-cf9e-4441-8704-82ee45ff9408,holy shit the drugs work - subheading: training at altitutde,adhd,0
d03027bf-64f1-4aeb-a870-de80c4cbc3fd,"i really hate it when people say ""maybe you should think before you speak""",adhd,0
aa0df32b-c689-407f-9046-863afb3f1df4,"got sent home from work after ""looking high"" 3 days after starting vyvanse",adhd,0
456d0029-4eb9-4be1-94ce-e03d345aeb00,the tile is life changing,adhd,0
651ac20e-2814-4f51-aba0-eab9b90093a1,"i can't finish my tasks, but yesterday i spent 3 hours shelling chickpeas",adhd,0
0b0f1daa-ee88-4fac-b467-896f95942e60,[update 1] i went and saw a psychiatrist and she told me medication doesn't work for people with add,adhd,0
112d3bab-06ee-4d2c-a7ee-95ad126a9bcf,do you worry about the long term affects of adderall?,adhd,0
a79e3152-2a09-4e6a-a492-08356411ebe7,who run the world? ...girls?,adhd,0
60bfaa85-01ae-4fdd-b10c-b61c9b6cf03b,"had a facebook friend post a meme that compared meth to adderall with the caption ""for those who have friends that take adderall and swear they aren't a meth head.""",adhd,0
9c58fd99-01b8-4aca-83fc-122f72018f71,"a 2003 study that found, ""that children with adhd are more likely than children without adhd to become involved with deviant peers and, as a result, more likely to use substances""",adhd,0
be918966-00b7-4451-9a49-6f0aa47153a9,a glimpse into an adhd brain,adhd,0
29e426ea-2a92-4c9f-99bd-a24600cbc300,getting out of the adhd depression loop,adhd,0
74f3f8da-ed5d-409f-b24e-eac708a88fce,"thank you guys, with all my heart.",adhd,0
61ca8250-bf9a-4e8c-916c-e23f66bc6882,wake-up habits are everything. take however long you feel you need in the morning to face the day.,adhd,0
bcd004a6-2b4d-4334-b7b0-d1c85272d24f,successful adhders - would you like sharing with us what helped you most overcoming the adhd struggles?,adhd,0
06e7b873-9cf7-4a22-a212-56eab2a7b5a2,do you have word-finding difficulties?,adhd,0
a5738f3a-eff9-42ff-a42f-319b1e693069,"i haven't successfully read a book in 6 years. today, i've read 3 chapters.",adhd,0
b098fede-4be4-4c41-935b-d4861ff5f331,any of you guys experienced heightened hyper focus at night?,adhd,0
0212e530-c44f-4823-981b-6c6e512fe494,i love that adhd is treatable because i'm finally getting help. i hate that adhd is treatable because now i know my life's worst regrets might have been preventable.,adhd,0
8e61e957-6482-439a-91fc-5f12b5b29146,you ever think about so many things at once that you don't even know what you're thinking about?,adhd,0
6812a08d-a7b5-486d-b73f-d095bfb2331a,i am the worst storyteller,adhd,0
60faa17f-4ec4-4a1d-a407-fa079d018e7a,adhd + depression makes every day feel like a fresh new hell.,adhd,0
7dfed816-4ea3-4802-abe9-b6bc7c9f5052,"always forget to ask ppl ""how are you?"" back",adhd,0
4149fb45-9243-4f6c-a770-7fb904cedd41,do you ever just.. stop what you're doing and don't know why you stopped?,adhd,0
05ce79e6-8ab2-4ddb-925e-b5a548c265e6,"can other people just ""see time"" in a way that i/we can't?",adhd,0
f11471e5-1a96-4070-aa24-f75b1b64f536,"have you ever been very quiet/reserved/shy due to the punishment you've received for being ""all over the place"" as a child? you may not have the ""hyperactive"" personality anymore due to being conditioned to repress it, but your mind is still constantly racing all over the place?",adhd,0
dc567338-e38d-4936-abd8-aa25dd4a47cd,i love learning but i'm a terrible student,adhd,0
09a25d60-32e6-4abb-bb72-9563ffc6435d,i spent 3 hours procrastinating on a couple of tasks that literally took me 10 minutes to accomplish.,adhd,0
b26378cb-4859-45df-8ef7-cc8d27f4e784,"if you suffer from procrastination, maybe try this:",adhd,0
df74a80a-02a7-4e8f-ad97-f68f868588ee,"[rant] ""have you tried just breaking the task into small steps?"" and other well-intentioned advice",adhd,0
d5108b46-f090-4297-a1f9-49ee2fe7a55a,do you ever find yourself in a group of really smart friends but feel like you‚Äôre the dumbest one?,adhd,0
076ec95d-222c-4fdf-ace6-1040e21c19ec,i just got my dream job!!,adhd,0
17d74d9d-d864-4be9-aee3-19e8c77544ae,is getting frustrated from over hearing conversations/ loud noises a common trait ?,adhd,0
948da02e-c205-4780-9d57-efd01f285312,"white noise improves adhd concentration, it worked for me. i'll explain in thread, welcome!",adhd,0
b4b4e135-506b-4459-841d-b0903be0cde8,"does your mind ever go blank during conversations, especially difficult ones? [i-adhd]",adhd,0
2a8f86e6-95f2-4eb1-96ab-f1abce406785,i got all as for the first time this semester.,adhd,0
641373cc-24f2-4f73-be58-d09167804294,"fuck adhd, fuck rsd",adhd,0
3035d8ee-9565-424b-b228-f143ea85586f,i actually graduated.,adhd,0
d3366e34-ca10-4e87-99c0-e4fc726f4a2d,"hey you! yeah, you!",adhd,0
d04b7312-5b39-4a09-84f2-9d1263eb201f,does adhd cause you to put off a lot of tasks?,adhd,0
0f2b13b7-4ff5-4ea5-920c-7158888f6aa9,adhd to-do list hack: the power of ‚Äúor‚Äù,adhd,0
c7dd2886-08ad-4115-8266-ebe1eeb09362,i have found the best way to motivate myself to get work done!,adhd,0
4c440ad2-9824-4708-a0ea-63c571c87ed2,procrastination and shame,adhd,0
28dd40c1-548c-4ed1-b077-97f658269d09,i'm addicted to (organization) porn,adhd,0
00d75f2d-c273-445b-b380-bb0d26e12ac8,"what are your guys' thoughts on ""flipping the classroom""?",adhd,0
823751dd-da85-4730-a28a-792e52cbf04a,"takes meds... approx 5 seconds later: ""did i take my meds?""",adhd,0
fd193761-6bf8-445a-9f0a-165d21751484,i have a mile-high to do list and zero motivation. :-(,adhd,0
d1f29fda-95d0-4168-8f5b-ba4a4b16416e,everything is interesting when it's not what you're supposed to be doing.,adhd,0
c6d8fffd-c74c-4b7e-b8ec-d29d168ba623,do i suck at responding to people‚Äôs messages because i have adhd or am i just rude,adhd,0
ae81ca1a-d12b-4602-a389-30e007b96a72,"i used to procrastinate then panic at the last minute and get a rush of motivation so i would get it done. nowadays i still procrastinate, but the motivation never comes. just background guilt.",adhd,0
ce782baa-0b87-4956-963f-df4bc48efce2,have you guys ever tried rock climbing? it's been incredibly helpful for managing my adhd.,adhd,0
309d6264-5b39-4d09-b5f9-dd984583aa71,i overcame my food anxiety and ate a big sandwich. yay!,anxiety,1
dc783cca-6723-4162-9aa2-0452147061d9,i finally told my parents i needed help,anxiety,1
a1f19763-4f94-4325-9698-d67706d8db58,anxiety can go to hell.,anxiety,1
ff03c0ad-c22c-4055-a08f-edd1fdd02a98,does anybody else feel like their head is constantly cluttered?,anxiety,1
e7e80dbc-ca91-4861-9ec3-c842fd026dab,my anxiety is awful about this virus. i can‚Äôt even sit on my balcony.,anxiety,1
5dc87a33-8d4e-496b-af77-74fe6ba162d5,does anyone else get worried when they feel their heart beating weirdly and think theyve a heart problem/attack ?,anxiety,1
98908a2f-d0ba-45d3-9ed1-c18019bbba04,the subtle art of not giving a f*ck - the best book ever.,anxiety,1
1d0a280d-4fe8-472b-8742-daf592270202,ever felt physically sick because you really don‚Äôt want to do something?,anxiety,1
742831b2-e4c7-4751-8627-cb378a72ad27,has anyone else had to deal with anxiety about getting a haircut?,anxiety,1
b378ec5b-eee6-415b-8301-c22b1c57b2b2,does anyone else randomly start feeling anxious after the sun sets?,anxiety,1
eaf5e732-f6c2-4b8f-812b-746bc437ba80,i'm exhausted.,anxiety,1
9fb2376c-3664-4d3c-a960-d56d693ca868,"i feel like i'm getting better, i started using a new breathing technique and maybe it might help some of you.",anxiety,1
8dc39252-f9b7-4504-a11f-3ad0f2673d2e,healing isn‚Äôt linear.,anxiety,1
fbc32f7c-2e7c-4b2e-96be-f8b54071c304,anxiety going to a therapist,anxiety,1
60ae2215-c3ba-4f33-b9f5-a3518bbcd181,does anyone suffer from dermatophagia? (biting of the skin/finger skin),anxiety,1
bcb431e1-8d35-43d8-8300-c49451b6ce88,the most stupid reason to have a panic attack just happened to me,anxiety,1
7ce00877-8098-4a91-af48-60e006b734ae,"do you ever feel like in your free time you have so much you could be doing, but you don‚Äôt want to do anything",anxiety,1
51deda1d-fb20-4e11-acda-0877afe71bf2,does anyone else feel like a psycho while having conversation with yourself in your mind?,anxiety,1
8869fd94-32f1-43e2-a786-7dfee6e7075e,frequent nausea &amp; vomiting.. am i the only one?,anxiety,1
0f4725c2-a187-4eca-8e26-c3064dfad013,my boyfriend helped me see my anxiety in a new light today....,anxiety,1
c1da6188-2ff1-4078-93bb-e1b8e9b1150a,being an adult is hard and no one prepared me for all this bullshit,anxiety,1
ef3cc04a-f5ef-42b6-ad21-111e1d7ddbec,i challenge you all to give me five minutes of your time.,anxiety,1
0ec1c8d8-17b8-4de2-b438-e0545e56902e,does any one feel like that anxiety has crippled you to the point where you feel like you are stuck ?,anxiety,1
117f382a-ba2e-4857-9239-7397fbe93d9d,why do we have no posts in here about success stories?,anxiety,1
70526589-0e1b-4677-87c7-73c1bb8b1d40,"does anyone else feel like they're always dreading something, but they don't know what it is?",anxiety,1
ca74e3f1-c086-4094-95ed-1676969dc1a0,anxiety robbed me of my personality,anxiety,1
f2c23d16-1ab8-49c5-8ecb-8d901f388068,trigger (maybe) does anyone else find it hard to talk to people even online?,anxiety,1
41e66305-c547-4b50-9268-7f8d544c5e70,i used to think i was the only one that felt this way or was crippled by my anxiety.,anxiety,1
f8bf519f-ad9c-47aa-86d2-e2d06fde3793,does anyone else feel anxious when you‚Äôve got headphones on?,anxiety,1
c326ec46-df27-4282-bc98-3f1436fa04af,"a lot of you asked me for tips i learned at the anxiety workshop, so...",anxiety,1
2331508d-cfb3-4f74-8672-682529400dfd,i asked for a girl‚Äôs number today and she said yes!!,anxiety,1
783998aa-d577-4647-ac3f-1fc6087e886b,email anxiety...,anxiety,1
f14554f9-8f6e-4f8f-aabe-70053294c562,anyone have such bad anxiety they cant do anything right while being watched?,anxiety,1
94c66c0d-a166-4abf-8806-ea57916bd525,i am getting better!,anxiety,1
96e77af9-3b14-4ea9-a348-bd80f776e91f,i live in constant fear of losing my job and every mistake i make sends me into a panic,anxiety,1
0441c306-fdbf-4ed4-8453-88eebdffb3c5,"those of you who have anxiety about family members dying, how do you deal with it/make the thoughts go away?",anxiety,1
6bfcf828-05e0-4347-8471-ddc98f902415,"ladies, how many of you experience an increase in your anxiety shortly before your period begins?",anxiety,1
3c5ffae8-fa1d-4ad5-9368-af61dfee1d39,proud of myself for doing this.,anxiety,1
d561e0b9-570b-4185-bce4-c113a3448095,had sex sober. finally,anxiety,1
e620784a-e562-4d31-a8f9-93227a707148,the most important thing you need to remember when your anxiety sets in,anxiety,1
0631cd07-0e48-475c-b8bc-bd8e480b3058,"does anyone else have this thing where if strangers laugh near you, they must be laughing at you?",anxiety,1
3916a92e-c73d-46a8-a13f-b9fa9d49a92d,every morning i come on here to help others,anxiety,1
620386e7-42e4-44a7-a9e6-3111907a6f79,anyone else freak out over the smallest pain or symptom in your body?,anxiety,1
bcae0763-5312-4b2d-8c9b-8a83b798f704,it will pass,anxiety,1
e2bee93b-ecd8-4177-9ad8-19559e32aa0f,a total stranger gave a shit about me,anxiety,1
3f801263-6cef-46af-97e7-1cc7db34ad84,cant stop worrying that this virus is actually the start of the end of the world.,anxiety,1
e0436cd9-f6c1-40ef-869e-36ac4bea03ab,anyone else suddenly have lots of death anxiety and intrusive thoughts related to death during this crisis?,anxiety,1
d714e8c3-d56f-44e5-bbd2-4b2f696d718f,i‚Äôve got two job interviews tomorrow.,anxiety,1
79835484-0429-4133-957d-178df9dd96ab,"i just want to say, i'm really glad i found this sub",anxiety,1
1ca7885f-0865-4c58-a8b7-3b59c33bc1bb,i got rid of (health) anxiety 3 years ago after suffering for 10 years. here are my personal experiences,anxiety,1
baf7f139-fe0d-4a69-8914-e33fc34b0725,overactive mind/anxiety advice?,anxiety,1
1fb15c31-855b-4f0e-a308-e278d257a825,i‚Äôm gonna fucking change right now,anxiety,1
49b2ebd0-a38f-4494-bbbd-60bb9e5bcc2c,"how is diet, magnesium, and vitamins deficiency not talked about enough when it comes to managing anxiety?",anxiety,1
5cda062a-a1dc-447f-a15f-994b81a6cc10,a girl i know wrote this beautiful poem about anxiety and it got published,anxiety,1
11d45c92-24f3-4d63-beb5-9cbc40ef4319,anxiety about getting a job.,anxiety,1
4e4aa162-e865-4d14-9d66-09571fd77a0f,anyone else afraid to parallel park?,anxiety,1
c14664d7-5468-4930-afec-992b8c7de203,"i couldn't leave the house during my teens... instead i sat up all night teaching myself to draw, then at 22 i got on a plane alone to work abroad. (my unexpected success story).",anxiety,1
a3e66d42-6ad2-4b7b-866e-9eebca71b2bd,time is my worst enemy üò¢,anxiety,1
30fd7019-2c6f-44e8-a9a9-44f24c980767,"whenever i admit to someone that i have an anxiety disorder, they say ""oh i have anxiety too!""",anxiety,1
5151e3c3-75eb-4fd9-915f-0b40a66e43e3,"i know how weird this is, but does anyone else get really anxious if the lighting ""feels"" wrong?",anxiety,1
987c6bc1-1804-4c6c-aac4-a91159728222,"i don't necessarily wish i were ""happy"". i just wish i weren't so irritated with everything and everyone.",anxiety,1
0e77d27e-bd3f-40e8-b708-83ec7c334b50,how do i learn to live in the moment?,anxiety,1
b898deda-4e0d-4454-a36e-79bcc8ee27ff,anyone ever get paranoid and cringe over your actions and others‚Äô reactions from your past?,anxiety,1
8a35cce2-22aa-4715-986c-6b29843af4e0,first anxiety attack in front of boyfriend,anxiety,1
b172c95a-db3f-4cb9-9064-36b7e333e2d7,i can barely type a reddit post,anxiety,1
d5aae547-236e-4958-8a1b-030334bca163,'i have an anxiety disorder' is a perfectly valid reason to be anxious.,anxiety,1
3d60d7c5-4edc-4932-ad1b-e8fa0299a22a,"i just wanted to share how emotional i feel when you guys post your wins, as little as you think they might be",anxiety,1
8d4d1d61-8e11-442c-a41e-86336005693e,go get an hour long massage this week. you deserve it.,anxiety,1
970231ed-4529-4f0c-acfd-2287a2b4ab85,i'm quitting my job,anxiety,1
e22ee75c-1294-46ad-8492-bd2261a82b11,panic attack today,anxiety,1
2f55fe7c-99c0-4a8a-bdda-ab2ab75b55bf,does anyone else deal with constant morning depression?,anxiety,1
0fc189ff-99ce-45af-add8-32d976087b29,i did it!,anxiety,1
e4b20da7-5aff-460b-b199-7f2ccd698c79,does anyone else have a love/hate relationship with summer?,anxiety,1
0398c59d-e8f4-4597-8d59-08b905c9f931,on my way to the er,anxiety,1
baaef464-af14-4fab-b247-c848bf050f76,"screw you anxiety, i finally got my first job! [21f]",anxiety,1
3f76c41a-8eec-402a-be33-c2fe203fc02f,does anyone here feel constantly ashamed of themselves for no apparent reason?,anxiety,1
fc60a03e-6d46-449b-b9b1-e3dede9deed1,having to defend everything you do in your head,anxiety,1
a1362304-ff8a-42a7-b9ad-a8b9c6ebceff,i'm stressed if i work full time but if i have a lot of free time i have anxiety,anxiety,1
927ebc60-ad0a-42ea-baf8-61edf824aa3d,anybody else enjoy the rain to calm them down?,anxiety,1
9f50ea59-49f6-4055-aca5-c9f20fe5b18c,i think it's time to admit i have an anxiety disorder.,anxiety,1
e3b29973-d00c-4f76-81fc-2ef525e7110a,did any of you try running and exercising regularly?,anxiety,1
f94891b1-c58c-4842-96ea-f4ec9a9deb15,my anxiety makes me cry too much,anxiety,1
f1022eea-4885-4511-8b54-aae4a278b4d7,"does anyone else have a ""sick"" feeling in their body while being anxious or nervous, and feel as if there is so much energy bottled up in their body but feel tired at the same time?",anxiety,1
ddfe2ee8-998d-497e-bcaa-6d1012752ef5,panic attacks are back :(,anxiety,1
c253e29c-2676-4309-bb9c-31d9cc0856f4,is anyone else's social anxiety exponentially worse when they have to speak on a phone?,anxiety,1
e8f337d7-ceb4-4889-98bc-f908e2de1ace,i feel constantly embarrassed,anxiety,1
f6292df2-29df-4d06-9a35-f3f1489bf7a9,going out everyday = anxiety?,anxiety,1
3e6c03cf-751e-4164-a7a1-970abaa31519,does anyone else feel anxiety when they cant fall asleep?,anxiety,1
e0a67e50-9f9c-415c-9cc6-a698ec10fefc,does anyone else get extreme anxiety when faced with making the smallest decision?,anxiety,1
9be99593-a521-486c-89bb-d2cb09a6fbba,does anyone else feel so frustrated with the world that you wouldn't mind if it ended?,anxiety,1
5bf7a9d1-ccf9-4d61-b8b0-b21c441f4dac,my birthday was 55 minutes ago and almost no one talked to me and it's going to be a horrible year - again.,anxiety,1
251678d1-f72c-4aae-a260-d1c54923484d,how do i not cry at work lol,anxiety,1
f9dd1fd9-3adc-4ffe-a698-a620bfc58475,"shout out to those who help instead of judge. also, there is hope of successful relationships.",anxiety,1
3f6028e4-83d6-4bb1-96d6-787d8c8baa13,just had a revelation in the shower: i'm not getting better because i'm not helping myself,anxiety,1
7bc07251-8361-403e-a044-177d81f74ea4,is anyone constantly ruminating on past and recent conversations and social interactions?,anxiety,1
b63673cb-b9fd-4c30-b820-30606e05de15,people who ‚Äúpop by‚Äù unannounced are the devil. full stop. haha,anxiety,1
2a7b8764-3d26-462b-8596-79d88bf620a3,it feels like i become ‚Äúmyself‚Äù when i‚Äôve had alcohol,anxiety,1
480bfb8e-1e0d-44a0-bae0-82bdaf464d91,dae become inconsolable after being scolded/yelled at?,anxiety,1
eadd8326-71c0-4536-9114-c532cafdfa26,tips that i have learnt to help me through anxiety and decrease my anxiety significantly,anxiety,1
daf0ede6-af30-424b-b450-1daeaadd48a3,dae trigger anxiety simply because your brain was like hey remember you have anxiety?,anxiety,1
e560fe9c-f4c7-46cd-b334-eab07185de23,"before you were diagnosed with bipolar disorder, did you ever suspect that you had it?",bipolar,2
61a9a1d5-a717-46aa-ae60-b3ae52273dc5,"if you've never been on psycheducation.org you should, in particular an image there helped me understand myself so much better",bipolar,2
a954acc0-8958-4f28-aa8a-83c0cd7e74eb,"i'm not sure how to measure ""normal"" anymore...",bipolar,2
7a7bafa0-3bdd-489b-8b19-7a58c1968b54,i'm starting to understand how people end up homeless.,bipolar,2
07cacaa8-223d-4a2d-b64d-ea41d9868955,"i just found this sub, and feel like i‚Äôm at home.",bipolar,2
f8cf71a4-3fb2-412e-bc67-cf5e93e182d2,anyone else just end up blaming themselves after a fight?,bipolar,2
d7c28b8b-69e9-4372-908a-f2421ee9db5d,5 am reflections on being diagnosed bipolar 1 last week,bipolar,2
71cb1302-76e3-43b8-9398-6e8c4f6c7f75,"does anyone ever feel like you should go to the hospital, but discount your own feelings/keep telling yourself it isn't serious enough? (x-post from /r/bipolar)",bipolar,2
899f4d0e-5c44-4b53-9566-5c39872f9a15,college is unbelievably hard for me.,bipolar,2
d99c45db-de02-4e96-9696-9b9de8d3ffe7,my attention span has plummeted to almost nothing. after a year of trying i finally finished a book!,bipolar,2
f5bd5672-e98e-40f1-b6f0-b0c99f0e9b5d,i think lamictal has made me unable to feel anxiety... and it has not been a good thing. anyone else so apathetic?,bipolar,2
c942b713-7d30-442a-92c3-27af6704e6fe,hypomania and depression as a journalist,bipolar,2
8689877f-61d7-4902-ad74-c361f00a02e2,i made a documentary about being in an inpatient psychiatry unit. in case it helps anyone to watch this.,bipolar,2
c66f34ba-c4e3-45d3-badd-5a88859c33b2,a rant about how i feel like i'm not allowed to have emotions.,bipolar,2
877706a0-d8cb-4d3d-b098-afcc40b03c71,i had to isolate for three weeks due to being covid19 positive. i‚Äôm ‚Äúfree‚Äù now but i feel the damage has been done. i‚Äôm depressed. i don‚Äôt want to move.,bipolar,2
7b058b2c-fd4e-42be-bca1-337dcd3aa06c,how open are you about your bipolar? dealing with post-manic guilt and what to do when all your friends abandon you.,bipolar,2
acc76a9c-c910-45e6-bde4-7e7ec1baec0c,i cried while leaving my psychiatrist appointment today and i really need to vent about how fucking awful it was,bipolar,2
cb1afd47-9c60-42f8-850d-71dd61a0e3fc,how do you deal with depression?,bipolar,2
ab214c18-8efa-4446-8f80-a9ca46e38f22,cigarettes increase the metabolism of some medications,bipolar,2
8187aee2-7283-4a80-bec6-d72f282eaba0,antipsychotics and eating disorder,bipolar,2
3d5977cf-9193-4be3-a3a9-3d8771e80baf,my cat just died....,bipolar,2
ce28a7ef-aaab-4b32-bfda-aeb5cb60abca,finding a little humor in our delusions.,bipolar,2
40887748-1665-4c2d-b105-afdc0429df39,the night's watch (i got bored...),bipolar,2
f4c5ddd4-0b1e-4c41-befa-15faf1073118,"nervous about starting lithium. also, new to reddit. hi!",bipolar,2
e4ce30d7-f230-4de9-939c-8351411e15d7,thanks r/bipolarreddit,bipolar,2
303ff389-2051-4ca0-9766-c21825e41a02,what's in your kit?,bipolar,2
3d2af3e8-46fc-41ef-b18a-2b7ffbb5066b,officially firing my psychiatrist,bipolar,2
5f24a6e2-f490-4cbd-83c7-620399493f3d,do you have a successful career?,bipolar,2
2d16ad0b-78c8-4819-997c-5290a8da1d13,showers,bipolar,2
233431d0-a9ff-439f-8801-7b4b87bb33b8,does anyone else have a horrible reaction to seroquel?,bipolar,2
dcb4da92-eb03-4904-960b-ca82664a7313,midsommar triggered me during early stages of hypomanic episode. a warning to you all.,bipolar,2
6301af4c-8246-457f-a9b6-0a9bdcd27f93,it took me 40 minutes,bipolar,2
e544a278-ff59-4ece-924c-a2ef13bf5b07,is it common for sos to use bipolar disorder as an excuse for their own behavior or am i imagining this,bipolar,2
364b420a-4af5-4839-9a22-7992acad0dc2,does anyone else have adverse reactions to touch when coming out of an episode?,bipolar,2
4d6102c3-7a55-4c62-a0cf-3976afb3a312,i turn 30 today. i can't believe i made it this far.,bipolar,2
8988f682-96b7-4b84-a2fd-027156771824,got a referral for a counselor today...,bipolar,2
e71c1f2b-97aa-47d7-ba65-a252182b4cde,i just re-worked the mood tracker my doc gave me into something less ugly and loseable [share link],bipolar,2
5161cf31-a939-49be-9974-599f96984676,hormonal manic?,bipolar,2
30197e8f-2bcf-4406-b014-81fced429f26,call from a friend from a psych ward...,bipolar,2
370a60af-9e2b-47a3-b20c-ee88c7b292e3,has anyone else been in more mixed episodes and rapid cycling since covid?,bipolar,2
2031ad53-be00-471b-8f78-aaa9f36e0877,"oh yeah me too, i‚Äôm so bipolar",bipolar,2
bee4e1a1-d99a-40b1-9982-daf4270526c2,you ever been so sad it turns into a panic attack?,bipolar,2
22ad25be-a2a0-4c9c-aaf5-a479821b4e39,i know i'm getting bad again but i can't stop,bipolar,2
d227e971-cbc3-4cb3-aae8-82042909b709,thinking about going to the hospital,bipolar,2
c471b3ad-ff1b-4c49-8972-a2270d356471,graduated with a 2.1 from uni,bipolar,2
025fca0a-fc8c-4bc7-a325-f41c0dc89030,conference check in,bipolar,2
f9e726e0-be13-4a9e-82ce-95a22bf13caa,"losing my health insurance, so long latuda",bipolar,2
41be38b2-1ae5-4326-97d2-a1e9235e98f8,i have a bit of a problem with my seroquel and i'd like opinions or suggestions,bipolar,2
7061e7f4-78b4-4fa3-974c-f9c4bf033425,how can i stop comparing myself to people who don't have mental health issues ?,bipolar,2
e746d681-13a5-4681-a22e-18a16b6b62a4,do you still drink?,bipolar,2
d78a3090-6e78-4005-8c21-62bb1fc38387,ugh manic at the apple store,bipolar,2
bc0fb981-4c5d-4305-84b7-dffea7318b87,first real manic episode ?,bipolar,2
52ce9e98-205d-4e5c-af10-bdeed74cee99,why sharing medical advice is not okay (even if someone asks for it): a place for dialogue.,bipolar,2
9076d33a-8940-4586-90df-d2b518b75fa6,so the social worker i met with doesn't think i have bipolar...,bipolar,2
9b1d347d-3079-452f-a666-4036fca81aef,still can't accept diagnosis - xpost,bipolar,2
b9257234-390c-4676-baf4-15bc5b8372de,how do you know when alcohol is becoming a problem?,bipolar,2
95609e59-7a95-4192-8576-4fed85110329,update on court ordering injections‚Äî-my mom is better! and a brief description of how to get your loved ones help,bipolar,2
8ae0b870-ff85-4791-aede-f6913a3c35cf,"""uhhh maybe we should meet twice a week."" -my therapist... not sure weather to laugh cry or celebrate.",bipolar,2
c03fc671-72d6-4a07-b817-beeb2da17b27,can i have a hug?,bipolar,2
f55fc3de-f657-4069-9d87-34976de41c77,anyone on mono therapy with lamictal?,bipolar,2
8cce2820-e8dc-466f-b25c-ef603cd95012,new discord server for bipolar and various other mental illnesses!,bipolar,2
c5acdc1f-9fe6-4c88-ab28-371e96e21477,i‚Äôm thinking about killing myself,bipolar,2
0adfaadd-dbe0-4cc8-818e-e360e86f3411,what is laziness vs. illness in your opinion?,bipolar,2
78b4b4b3-97fe-44fd-b913-975d1a7e6313,"i'll never kill myself, but i'll never live either.",bipolar,2
cdec4b3a-698a-46a5-b75e-90ab1329ba33,doctors of reddit - how much dopamine is released during hypomania?,bipolar,2
ca35ee19-2ddb-4ceb-ba0d-6c4e72874e24,"currently it appears that people are spreading more awareness about mental illness like suicide, depression, and anxiety; do you ever feel like the severity of bipolar or other more complex illnesses are downplayed or overlooked because of this?",bipolar,2
230ed3f0-d997-48a2-9ec4-0a7e193ea723,about to rage quit life and run away.,bipolar,2
24f03fac-df96-452d-bb73-86dd715902b8,some tips to save $$ on latuda,bipolar,2
5dfd9683-2240-41b0-9f9b-10caef3d6b5f,stitches for self harm today,bipolar,2
e83d325b-98ac-408a-a2ff-0bb93ada0558,"i wanted to share with you guys an answer i wrote on quora, for those that may be having a hard time finding a light in the darkness right now. the question was; ""are there any positives to having bipolar?""",bipolar,2
05a85d62-aef9-477e-8030-83badafec277,13 year old me would be so proud of 23 year old me,bipolar,2
373f3dc7-fad4-4202-80eb-e52c2a840cf5,all of my mania-induced projects seem meaningless when i'm depressed.,bipolar,2
05738578-7d57-4413-9457-f35c19bf2f91,celebrating small victories,bipolar,2
89a7bfdd-3d01-4764-9049-60bfaf2231ff,rant (tw misery),bipolar,2
c21b1a44-e24d-4ae4-a53a-79e0550ce874,how do you cope with intense irritability/agitation?,bipolar,2
16249937-57da-434f-9034-118084c14bed,"just got diagnosed, have even more questions",bipolar,2
d0c501e1-8c06-4564-b7a2-9e1145500d73,fyi on dbsa &amp; their wellness tracker,bipolar,2
e6ccde11-7c11-48aa-8429-8b137c129ce6,do you ever get bored of being stable?,bipolar,2
4119041e-a7bd-4fac-95e8-ffae4f278895,i finally had to cut off all my hair.,bipolar,2
cfe1c884-5332-4f8f-b325-258bc0174653,does bipolar 2 'worsen' with age?,bipolar,2
d489583e-379b-4887-b1ec-e98f22a95943,i'm so freaking tired all the time despite getting good sleep,bipolar,2
7139f57f-0ef7-4e0d-9e58-0236dc422c62,took my body for granted and a bad happened.,bipolar,2
99dc5395-4d95-4ecc-92eb-8a0e9e091e7b,my father is dying,bipolar,2
7045dbfb-b78c-42a9-a03e-d03d0d4df7a9,i feel shame and embarrassed after i talk about my illness....,bipolar,2
ca9c1424-5454-4824-9120-ce7ebabc356f,psa: depression lies.,bipolar,2
8788efae-ba61-40e7-9d5c-9408c0b54bcb,how do you store money such that hypo/manic you doesn't waste it?,bipolar,2
990131dc-8eab-4438-9ddc-19e181752294,i lost my job today,bipolar,2
7c78402a-5a86-49be-b9ec-3441857e1851,rapid cycling ü§™...,bipolar,2
8701aff1-0b35-4a80-ac52-c1e538f1c0bd,does anyone else feel like a hypochondriac?,bipolar,2
d09db25f-0ca6-4d03-b18a-bb719e039de1,"those with anger issues, how do you best control them?",bipolar,2
d39af9ab-7b0c-4024-97be-7be3adb0b806,how do you tell people?,bipolar,2
f8e5f971-8168-4bfa-8097-7733dd7e2a5d,dae have problems measuring your mood unless you are extremely depressed or too happy?,bipolar,2
cf20a004-1d7b-443a-aec6-80e030e5a521,dae get kinda long episodes too?,bipolar,2
a208ad61-bf11-4bb3-8043-a1fd53fa661b,any bipolar i folk out there 'allowed' to be on lamotrigine monotherapy?,bipolar,2
1662cb33-38f0-4b88-8c9b-b9cbd3704984,what the fuck is this,bipolar,2
713b11ac-1637-4d0b-9036-a0fb4b43c8dd,how many of you discovered you were bipolar after being on an antidepressant?,bipolar,2
c050f99a-777b-4649-962a-5f2646c486c7,guy i'm dating thinks bipolar is a choice,bipolar,2
206094d3-f77e-4d07-9b8b-5c1fd95bee98,"my law school class got called to the bar. i still have a year to go just to graduate. thank you for the tears, bipolar disorder.",bipolar,2
3e378887-24c3-4d39-8b1d-e7a3ad3887c6,setting boundaries for christmas,bipolar,2
b253735d-c822-4c02-87f4-8fd6a5f216a6,lamictal literally saved my life but one side effect is....,bipolar,2
ffed7941-c3b1-4f74-8267-065329e6973c,existential depression,depression,3
239814dc-c229-4637-a36b-2f0aaf285a00,"if i'm holding off on suicide for the sake of others, i feel as if they owe it to me to make me not want to commit suicide",depression,3
bc0e4a98-cd7f-4f84-8b48-fe104c89488b,"depression is having no drive, purpose, passion, or commitment",depression,3
c0ca3887-ec8c-4882-b253-496e0d49424e,i wish people would understand,depression,3
22c25dc8-0197-4d7c-b718-a9b85c89a4e7,went for a walk today to get soda,depression,3
91349c3b-9a34-4dcf-bcb8-e909d42c5d97,why is it looked down upon to be okay with being 'mediocre'?,depression,3
5edad0c1-85c6-43be-bb16-8020031c7eef,i hate when people say this after someone commits suicide,depression,3
49fd316f-89db-465a-a758-786f03d1c335,i hate when you feel slightly okay for a brief moment and your mind tells you that you must actually be a fraud and there's nothing wrong with you,depression,3
a93d89f1-94c1-4e97-9ae4-540223aaf494,"no one texts me, calls me, or visits me. i‚Äôm alone all day every day and i don‚Äôt understand why no one cares.",depression,3
7f0c1ad2-e5d7-4acc-9b0c-7d6da56df7a3,my friend killed himself,depression,3
a857c0a9-6976-46e0-a616-692032ac6810,my last hour that i'll be alive. 3/07/18.,depression,3
e3a2b0b4-b817-4bff-8277-3547bcbf8219,anyone get jealous when you read that someone died?,depression,3
fcb4bc32-1c8f-4bb8-89ca-a549ec6a7df4,"28, no job, no career, no friends, no life, virgin,",depression,3
d60e1919-a2d4-45dc-908d-0a9073a1018d,sometimes i feel like i don't qualify for depression,depression,3
5cc4c1cf-50e7-46b0-a0f5-be3b47bb6034,i just want to be held,depression,3
c9268511-71fd-4df5-a18e-bf0a2b7bbc63,my therapist says i no longer fit the criteria for depression,depression,3
daa4b697-5a73-42eb-8975-fabafca05e42,i've made a new cbt site for depression,depression,3
36c99794-6204-48a4-9355-dc0711adf931,scared of helping people here.,depression,3
06c46a00-7d90-402b-b9c5-3c0aaa470a91,i‚Äôm only 19 but i can‚Äôt shake this feeling that my life is over.,depression,3
6ec1fe0c-8224-46c5-8495-4a5aa884737b,mom died last night going to be needing all your love and support.,depression,3
74769a22-0d5f-4300-b0a0-1cd316dd4831,ever felt like you're just a fucking burden to everyone else around you?,depression,3
d7be23ea-2cac-4ae7-9614-7d4f616cdfab,oh fuck,depression,3
8007107c-113b-4556-b486-40419266e112,my partner of 7 years passed away,depression,3
b47f551f-b75b-4463-b609-21bf453df174,"as someone who has always suffered from depression, i met a girl who made me feel normal for the first time in my life and now she's gone. things are going to be hard from here on out.",depression,3
9e7f4c8a-7263-45fd-8ca2-ba9bbce200f1,does anyone else want to kill themself but they don‚Äôt want to do that to their family so they go by day by day with the only true motivation in their life being the day they finally grow distant enough from their family that they can end it all without the guilt,depression,3
57aaafe7-fdb7-43e9-9849-290f10983386,anyone else have semi-suicidal thoughts on a regular basis?,depression,3
297eef51-a6f3-477c-82ea-71b43a144180,"getting pissed off when people describe suicide as ""selfish""",depression,3
96b7599f-868b-4ce0-b940-523485b5d945,"hi, i'm the smart kid failing school, yes i know i have so much 'potential', no i don't just need to 'try harder'",depression,3
8578692a-a4b3-4f4e-b04d-770d7c281546,today is my birthday,depression,3
21be003f-3fd6-4370-9042-8de4689cfdbc,it's my birthday...,depression,3
cedb25d6-7503-4cc1-8c29-9745e6f2ef06,i can finally read a novel again!,depression,3
cb8c1180-369f-4c8b-a146-f9f5e28d806e,idk why i turned to reddit for an outlet,depression,3
0dadbb19-2d46-4d71-b273-9039b9d7a6cb,a poem i wrote a while back...,depression,3
25da7f88-37ee-457c-bdc3-0c897f1da50a,i don‚Äôt think i want kids i don‚Äôt want them to suffer,depression,3
3934a9be-b9dd-4c26-899b-c9e871ae5d56,we've lost another.,depression,3
c8e96fb5-7784-457f-a09f-dfb118147261,open letter to my son,depression,3
25d422c0-ac85-4605-868d-3b58d743c716,i just want to be soomeone‚Äôs first choice.,depression,3
2954ae33-2165-4b07-9f26-afdcf5069dcf,i decided to go to the movies alone,depression,3
6dec4f01-9346-4601-9e43-030c0ab5e08f,i havent cut in a month!,depression,3
f790fc88-514f-4cdf-a8bc-f5ac99dbb850,high-functioning depression: i feel like i'm living a double life.,depression,3
36bd2e58-cb59-425e-b1bb-8b48df3f6c92,"it's addicting, isn't it?",depression,3
7702e5d6-d7e3-48d4-8634-e92d669a8adb,"dying is easy, young man, living is harder",depression,3
28b13790-9591-4422-bcc3-808052382c0f,i want to be loved by somebody,depression,3
439fa2ca-2232-4d08-a64e-d52d6cfc1463,goodnight,depression,3
adb6e855-6997-4077-af2b-ae341e28a669,are you ever so overcome by sadness that it causes physical pain in your chest?,depression,3
267b7628-8f69-4566-824a-095f32557895,i genuinely struggle to cope with the huge amount of work/effort/energy that being alive requires. how do people cope with this and manage to enjoy life?,depression,3
da7abdf3-a3cc-43e1-bd62-3c2faa53c695,i am not going to end my life.,depression,3
02ce29df-6afe-4543-8483-2496aa861dbe,it's been 3 years since the last time i had a conversation with another person,depression,3
2f9c6d6b-a7ba-45e3-a667-cd883cca4131,"the shittiest feeling is looking back on your day, and knowing full well you could've done a lot, but you didn't.",depression,3
4befedea-8fa2-4cf0-b664-c020d6099389,today is my cake day. please give me attention that i don't receive in real life.,depression,3
9c1c3f76-b853-494f-ba75-bfd8295b5007,some people die at 25 and aren't buried until 75.,depression,3
8b1d584e-d23a-4891-8892-d3e3248a001d,it's my birthday today.,depression,3
0f4ff7a0-9c2e-4bbb-8606-503259f64a41,i'm 18 years old with $10k to my name. i feel stuck and i need to get out. i just had dinner with my family and told them i was gonna go to 7/11. i'm halfway to the airport.,depression,3
91d85179-f446-4afa-bbce-bf6470f384fd,"please upvote this, i'm desperate for validation",depression,3
94d402d8-1049-4965-9ae1-bf27d6979f80,fuck depression,depression,3
b1e7cd3e-a0f4-47dd-b3a6-2d4e7d00fda7,i just called the suicide hotline,depression,3
f5ee34e1-5f8b-4d7d-92b6-65a7ece6e546,"do you ever just stare at the wall for hours, thinking and feeling everything, unable to move?",depression,3
b9a32908-9beb-464d-ad2d-53379d50dd27,why i'm leaving /r/depression,depression,3
cc27f9ec-80b0-4ec5-92a3-e3967e3b1a48,i got raped by a teacher from my college,depression,3
f746e87b-a65c-4d3a-b558-4018e194df9a,advice on getting diagnosed?,depression,3
fc3ec173-3781-4f8e-b689-9c168ce2af2f,"i did it, reddit!",depression,3
bbe54ca3-6219-4b28-ab34-870738ccd564,"tomorrow, i will ""nuke"" all of my internet accounts. today will be the last day i will be online.",depression,3
679b9610-2ce1-46ee-bfff-74ff07f0d94e,i died once and i‚Äôve forgotten how to be alive.,depression,3
08ae34f0-9436-4666-a9b1-e45a06c49108,i got up before 9am today!,depression,3
9af0f067-6b69-4b94-84a7-64f62d053d80,rewatching the fellowship of the ring for the millionth time and one of gandalf's lines always sticks with me. thought i'd share.,depression,3
f02ae6c1-1265-4af5-862f-b976618403be,does anyone else feel like it's inevitable that they'll eventually kill themselves?,depression,3
a11efc50-6613-423d-aab8-821e897948f9,"ever think ""if i only had x i'd feel better..."" ?",depression,3
184f37cb-6933-44ca-8c0e-9a134f51da15,why do people want to romanticize depression?,depression,3
c3974b37-a4b7-4e18-a8c6-e96d4c3af8ce,"today, my friend walked me to the arcade",depression,3
01ec526f-9326-432f-a931-1a3aae430de6,does anyone else feel their life won't go anywhere?,depression,3
b6f7302a-0808-474b-a322-46d81469419c,has anyone else always felt like an outsider?,depression,3
8354e5f4-5df0-4391-8f18-3387bc329ed9,"anybody else ""mentally"" self harm",depression,3
326f1d37-bf8d-4c31-ac1c-5191be9091e8,here's to the depressed without reason,depression,3
167831d8-a173-4dc6-904c-67bb5aa596b7,i think depression is turning me asexual.,depression,3
dc612bb5-a001-4006-827c-9064b4852e3c,i wish i could trade someone's cancer for my life so that they can live and i can die,depression,3
be34ff52-129f-402f-96a0-ff26a1218752,i have something to get off my chest. i have no where else to go.,depression,3
7a21a9d7-2948-43d2-8f38-281ea7e5bf18,"people say that when you are suicidal/depressed, you should talk to someone, so i do and then they make me feel even worse",depression,3
b279ae91-0764-4f1d-af05-3f66c96923ef,"the worst part of depression for me, is no longer enjoying things i used to love",depression,3
125e9b13-aa31-4ed7-ae0c-44f38469e651,does anyone else spend a lot of time just looking back to specific moments in time when things were better for you,depression,3
a1a70c33-7a97-4982-91ab-4d64dc85c073,does anyone else watch the same shows over and over again to find comfort in them?,depression,3
07ca62e6-1f25-4aa0-b313-7f46f134f002,i forgot what it feels like to live without depression...,depression,3
4a48703d-c269-4421-a895-55e910e16468,do rainy days calm anyone else down?,depression,3
4f72ae92-eb8c-4003-8e0a-a896557db6fb,the saying: ‚Äúyou‚Äôre going through this now so your future will be easier than everyone else‚Äôs!‚Äù is straight bullshit,depression,3
86e6e3a3-c5a3-4427-9771-fb208c895fba,"tbh i wish i could tell my younger self that no, it doesn't actually get better so that she can just off herself already and stop suffering (just venting)",depression,3
d5f7b205-57ee-4d4f-ae48-e293d4be56d1,stop using your depression as an excuse...,depression,3
e731ad59-368b-4694-a324-9441ed2f760f,i just had a date...,depression,3
5b209a76-2b19-4e36-8f14-61d8a9025517,fuck summer,depression,3
1216b6ee-84d2-4d8f-88cb-c28dd5cd1cc8,nobody talks about the memory loss,depression,3
6ac2a982-6423-4638-8c96-d8c0313d7289,"in 8 days i have lost my job, my girlfriend left me and i‚Äôve diagnosed with cancer.",depression,3
7d5022e2-484c-4039-a806-e36b60b64bb7,i just cleaned my room for the first time since november and i'm proud of myself.,depression,3
dc76ac81-611d-4e46-8363-14fac0d239dc,i am trying. people don't get that simple existing when you have depression is completely &amp; utterly exhausting.,depression,3
075e2937-bfd2-4081-98d9-2881e2163640,i always hope to be killed in an accident or murdered since i can't go through with killing myself,depression,3
b49f5a61-bae3-4a89-bf00-029fcf586d88,i'm the thing everyone likes but nobody wants.,depression,3
69ee4967-2ee5-47b6-bff1-d9aea1e5eb19,i'm the only person who knows how sad i am.,depression,3
d6552746-707b-42a3-b9e8-ca40982cea67,nobody really knows 'me',depression,3
c8cde313-4ed4-489c-82bf-ddeceb34f43f,the worst part of depression is that it's stolen my personality,depression,3
77a2a294-c135-4ef4-89ae-7d45e3a6350c,does anyone feel like they just don't belong anywhere? i feel like a stranger all the time.,depression,3
4121cb72-fc8f-4b84-a0ae-29abbd61e4fb,"it's true: unless you're about to die or dead, nobody gives a fuck",depression,3
8723e0f7-6365-459c-8a0f-613f9b6ac247,anyone else struggle with nostalgia and not being able to let go of the past?,depression,3
ff70e7ab-92bb-4843-8934-7072c69ef1c4,i'm becoming increasingly bothered at the lack of sympathy towards those with mental illnesses,depression,3
691324c4-5c30-44e0-b9e4-45b4f0715e21,a question about the third conditional.,none,5
58937fa5-3c2c-426b-8255-5a140fbab675,what are your favourites offbeat destinations of asia? this is my list.,none,5
7daf364c-3b33-4cbe-be37-a214edf9a73e,synesthesia survey (what colour is each month to you?),none,5
22518271-4bb4-4caf-b683-7305da519288,"science ama series: i‚Äôm phil baran, and i‚Äôm here to talk about our work at the baran laboratory where we try to simplify the way molecules are created. i‚Äôm also a macarthur fellow ‚Äúgenius grant recipient‚Äù. ama!",none,5
d83ec4b0-2584-4443-8a9d-8417103c918d,my experiences as an ex muslim in india,none,5
9b24eae4-fed6-44a6-b1c6-f178d50a6c5f,"science ama series: i‚Äôm gang zheng, senior scientist at the princess margaret cancer centre in toronto, canada. i fight cancer using light and nanoparticles built from porphyrins; the molecules responsible for green leaves and red blood! ama!",none,5
3aa34e05-bc0d-4884-ab25-b4508d24d5bf,"spotify is now embedding adverts as tracks in playlists, even for premium users?",none,5
ebd76640-afeb-4a71-b163-5d438c2ad645,when number of linearly independent eigenvectors is lesser than the rank,none,5
c6999146-ee17-480d-bea0-63ceb8480b5f,to those who don't know why people grieve artists,none,5
1695928e-cf6f-45d6-a2de-f114a4b96094,tl;dr ‚Äì godman to tycoon ‚Äì the untold story of baba ramdev,none,5
c381afac-b78f-41ba-aac1-b3be2cca4288,"science ama series: we are the oasis science team exploring submarine volcanoes in the eastern, equatorial pacifc. we are using deep sea technology to investigate magma processes and the formation of submarine volcanoes. we will answer your questions live from onboard the r/v atlantis. aua!",none,5
5b71c272-4fb1-4e97-8edf-17b6dd313e0f,iowa family found dead in mexico - a perfect example of how the american media distorts the truth to generate fear,none,5
eaec744a-31b5-4d98-b5b0-215d135e7c89,demonetisation effect at home: my family and friends are paying taxes,none,5
b00cdd4b-916f-4209-b6db-66e905c2fd57,"science ama series: hi, we are noaa scientists amy uhrin and carlie herring. we‚Äôre here to talk about microplastics in our ocean and great lakes--what they are, where they come from, and what you can do to help. ask us anything!",none,5
3886ddc8-d63f-4279-8c6d-71ad76b8fb53,how do i improve my understanding of language as a native english speaker?,none,5
74650dc3-1caf-45d7-9685-84a54f4c54a6,product of the roots of quadratic equation of two different variables,none,5
e2292b38-9dd3-4466-9bac-1338d83f8cad,"hi i'm ellie goulding, singer-songwriter, kickboxer and activist - ask me anything! - ama",none,5
d403aafc-50b3-4453-8fd6-f37351007fe2,sets of images for unicode characters,none,5
0a3229a8-b343-4a6b-a882-7cbbf84e00c5,"science ama series : hi reddit, we‚Äôre harold brooks, adam clark, kim klockow and patrick marsh, noaa scientists in norman, oklahoma. we‚Äôre here to answer your questions on severe weather research and forecasting. ask us anything!",none,5
eb7a5cf9-b23a-4b37-b76b-29a79e347954,get vs come vs become,none,5
9baa2f4f-4370-4372-aaa9-41d7e5185a0b,we need your help (please): feedback wanted to understand the best way to develop r/datasets,none,5
9eb8ad9e-09ce-48dd-bc17-83042e0e1d27,mathematical beauty,none,5
864abc69-b006-420c-86bf-c5dd3eee93a4,people who have gone on south american rain forest tours; how was it and how did you do it?,none,5
9d9cd1ae-143c-4f3e-a3d9-9f5282ab9fb4,pure math.,none,5
d37bd5ae-e902-417e-af29-b6fb2e4344db,"copyright infringement is not theft and is not stealing, it is copyright infringement.",none,5
fb3fea27-876c-425b-88a6-34c5bfec4c17,"science ama series: hi reddit, i‚Äôm dr ashok jansari, a neuropsychologist at goldsmiths, university of london. i research individuals with face-blindness and so called ‚Äòsuper recognisers‚Äô, who have an almost superhuman ability to recognise faces. ama!",none,5
0cd59379-43b7-49dc-926a-8e2a990f23ac,"til that the killers threw away everything they were working on after listening to ‚Äúis this it‚Äù by the strokes, because they felt their music wasn‚Äôt good enough. the only one that wasn‚Äôt thrown away? mr. brightside. the song has stayed on the top 100 charts for 209 weeks.",none,5
85851c03-d1ae-4ed0-8af7-b02d1f1abf45,broke my leg in malaysia. facing a 27 hour flight back home. need advice.,none,5
787719cf-e835-4d0a-b86e-a3f3127f8b32,megathread: house passes $2 trillion coronavirus relief bill,none,5
34c3b56c-7435-4b14-ba4e-9ce77b12833b,this happened at the service center of one plus when my phone stopped working,none,5
268744e2-df1f-4c4b-beec-530d3f60cfbc,"secret dj dad back again. um, you guys may have changed my life, things have been crazy.",none,5
ea1ba2b0-50dd-4dd7-af1c-b07db57aaeb3,swedish accent,none,5
1073505e-d72b-42a7-9a86-3fdc19d02cab,[original post] hundreds of millions of people are coming online for the first time in their lives. be gentle with them and help them as much as you can. don't be a bully.,none,5
9cd6a8c7-24ab-48f9-9e27-ee0314401854,#NAME?,none,5
a9f0f9e4-847b-419d-a83c-cc7508ab5b74,"guess who's back, back again? #savetheinternet",none,5
f91e706d-db0f-44a5-8d94-3c9c2cf9297c,to fight deepfakes google released deepfakes dataset,none,5
15d4da95-a337-4dcf-b7d5-6d993916f9ed,"link between patterns, mathematical ability ... and possibly culture?",none,5
e2052574-d7a7-43c6-9e2f-e07ec4a9eeb8,will india (and our highly questionable work culture) benefit from a 4 days working \ 3 days weekly off schedule?,none,5
143fe92b-afbd-4157-9495-6b3c174f4eed,"urgent: are you flying from denver to nashville tomorrow, march 7th?",none,5
f2d51118-316c-44ed-b968-04b3eef54f53,"hey guys, it‚Äôs bruno major. i‚Äôm going to try to answer any questions you might have, so within reason, ama! ‚ô•Ô∏è",none,5
d0b6a95b-df8b-4a93-a9e1-f1b67f85ddbd,"can we use ""get"" to mean ""kill"" according to context?",none,5
35d97cda-f354-4399-ae0d-24c2329ff171,unpopular opinion: divorce rate in india is less because most women are not financially independent.,none,5
31a8e961-3fd9-4dd6-b6c8-05faa743a6e0,to gather,none,5
7940ee4c-c61a-46e3-9602-871055f3f6d4,"today i walked into a store in los angeles, and heard my own music playing on the store radio",none,5
352d2c92-9d45-4baf-af3c-a3e17fe3f752,rahul gandhi lists modi government's achievement during this epidemic,none,5
56848bce-2eb3-4f33-bc37-89964b50d1e6,megathread: office of special counsel indicts 13 russian nationals and 3 russian entities for interference in 2016 election,none,5
3f1bef95-c920-49fd-accd-2ba812b9d83e,great resource for business english...,none,5
5acf170f-c325-4f76-bf5a-638ca601d914,"science discussion series: climate change is in the news so let‚Äôs talk about it! we‚Äôre experts in climate science and science communication, let‚Äôs discuss!",none,5
9426ac7a-af21-494f-83c6-79167a87c73f,your travel plans for 2015?,none,5
ce52e8b2-de92-4df4-981e-3979c9eb6271,something i've been wondering for a while,none,5
a537dbf3-50b4-4c07-9211-0585b30c45e5,a few questions on the implementation of bernoulli trials in video games design.,none,5
340b48cc-57e8-4716-bdbf-5164f2a59879,have we forgotten about jayaraj and beniks?,none,5
439f131d-4104-4e7e-b564-0afd52a2c4eb,"prize ama: i am anousheh ansari, the first woman and first iranian to fly to space as a private citizen, not on behalf of a government. ama!",none,5
68e4e6b4-1a3c-40e4-934e-3f319776565b,everyone's bucket lists?,none,5
65cbc9cb-f5f4-4e8c-b901-05de6ca26dfb,"with jetstar launching sydney to honolulu service, it is now possible to do a round the world trip using nothing but low cost airlines for $1548.",none,5
e74a1de6-6f71-4d3c-b4e1-fd671c985134,megathread: president donald trump announces the u.s. will halt funding for who.,none,5
b9393228-ae56-4c5a-a704-a1142aada3dd,help with understanding a pythagorean triple generating formula,none,5
90f6d9f8-28a6-4fde-8ecc-0541a6607374,multi family sales data anyone ? or does costar keep it to themselves,none,5
acda1592-acdd-4367-bd86-0d0c87dba5df,"guide to flying everyone's most hated airline: spirit! you can save $36 on the ticket price of every single round trip you take, manage expensive baggage fees, and travel thousands of miles on a regular basis for as little as $15.",none,5
2b65cdeb-1e1c-4321-840a-3029aa7f382f,"i went on a 6 month rtw trip a year ago and tracked all expenses, every day. if you are interested in travel cost information, take a look. (x-posting from solotravel)",none,5
37373c27-670f-43b4-a903-346a75fd68ee,why do i have to write down the step when i answer any mathematical questions?,none,5
a55110e3-0e3d-417d-a2e5-b1a6587930ed,the intuition behind why 2**(5/12) is so close to 4/3 and 2**(7/12) is so close to 3/2 . .?,none,5
51c9d3f5-e083-46a2-82e0-f393b096fc64,converting a transcendental number to an infinite series,none,5
25af2943-0cf0-461d-95d4-0556f919e6d8,consequences of life as a junior doctor in a government covid care facility,none,5
7d85aca4-e3d9-4918-b37c-d88eac80c919,swedish house mafia has officially returned,none,5
969b31fd-9173-49f6-8c56-7a8b3a2a6682,list of all brands and their parent companies,none,5
7c145e75-a590-457e-92fb-ba616bc1cfc1,polynomial ring and the set of integers,none,5
2eee982f-2075-4553-8145-2e2f7b669cc9,"science ama series: i'm dr. elad yom-tov, a principal researcher at microsoft research. i use internet data to learn about health and medicine. ama!",none,5
5110957f-689a-4af2-863f-996474f8dfef,former killswitch engage vocalist howard jones reunites with the band for a song!,none,5
2734263b-a7df-4a62-b667-1ecb943fb1c7,"the gov't will continue to impose acta's, pipa's, sopa's, cispa's and the like until gov't achieves it's goals. i think it is high time we, as a country, seriously consider a constitutional amendment protecting the access and privacy of the internet.",none,5
b06cfbee-419a-4451-9a5d-c7e3c8802e11,"hi reddit! i am joseph glajch, the director of analytical development for momenta pharmaceuticals. ask me anything about biosimilars or what it‚Äôs like for chemists to work in the private sector.",none,5
891e3764-56ba-44c1-a97d-afba28947f60,i really hope to entrance graduate school in u.s but..,none,5
e62064a8-e16a-41a9-b519-f2351d5e863f,"i have an african friend, she is from kenya, she and her friend were told to come to india to work, when they arrived they had their passports taken and now have been told they must prostitute themselves to pay their ‚Äòdebt‚Äô before they give them their passports back",none,5
9d94c466-26f5-4e29-894a-cf0d67b9dc57,"an english learner,want to find a native english speaker who is learning chinese",none,5
01798da0-c747-43b6-9ab2-f76b91d8c44d,megathread: state department email audit re: hillary clinton,none,5
7c04ba54-8d45-4914-817a-bd477031957f,"chester bennington of linkin park, godfather to one of chris c*rnell's kids, pouring his heart out performing one more light, a song about coping with the death of someone close to you.",none,5
3c98f09c-7bc2-47d3-b95c-3787c2076dfc,"i decided to consume only conservative news sources for a week, here's what i learned",none,5
de541a1b-e433-43ef-931a-f91050e9e3cd,"science ama series: we are a group pf researchers that uses the mmo game eve online to identify exoplanets in telescope data, we're project discovery: exoplanets, ask us anything!",none,5
812e57d4-bd06-4796-afbe-f09424107147,any advice on how to prepare myself for the putnam mathematics competition?,none,5
a5c987c9-fcee-46bf-9d54-cb405ff64d3a,[request]: list of nuclear power plants including their comission date,none,5
5eadb6fc-bb84-419d-9662-8f6d794f3f83,"hi! we‚Äôre here to talk about all things crispr and nih‚Äôs center of excellence in genomic science. we‚Äôre researchers from jennifer doudna‚Äôs lab at uc-berkeley and program directors from the national human genome research institute, part of nih. ask us anything!",none,5
9252a6af-2609-46dc-9910-21b56c3ec9b0,in 51 days we have the opportunity to fix the united states government.,none,5
0210e8e5-7260-41d8-b0df-109b63092a5d,"my father has reached the end of his musical career, and it's tearing me apart.",none,5
05470062-674f-4fad-a6d3-def17532905b,i turned 30 today. last january i made the resolution of writing an album in 2016. i released it today.,none,5
e72146e6-58f7-4094-b6c8-0e76787858eb,sentence correction/improvement,none,5
77fa73d2-def1-44c6-bce1-32c1d0be16f0,"hi, i‚Äôm musician and author david byrne. ask me anything about how music works!",none,5
9bb08dcb-2c04-4768-99be-ae351743ca53,"4% of all the people in the world are us citizens, 25% of all the prisoners in the world are us citizens",none,5
2d5c5590-6c5b-4783-9491-58145a5552cb,good source to get good working knowledge of differential geometry,none,5
84f635ca-ffab-4bc5-971b-87f72882f0dc,"science ama series: we‚Äôre neuroscientists coming from academia, government, and the non-profit sector here to discuss neuroscience training in the 21st century. ask us anything!",none,5
b4cb31a0-0b32-4dd0-966f-20e39960c1ce,"american chemical society ama: hi reddit! my name is randall murch, a professor in public and international affairs at virginia tech. previously i worked in the fbi forensics laboratory. ask me anything about applying forensic science to investigations of bioweapons and other wmd acts of terrorism.",none,5
03594516-7bd0-419a-8b51-b2d416412398,pursuing a career in mathematics.,none,5
3c12a1cc-c7b7-4ac5-9f97-19cd93b54d42,"american chemical society ama: we're devin peterson, professor of food science and technology at the ohio state university, and gary reineccius, professor of food science and nutrition at university of minnesota ‚Äì twin cities. ask us anything about flavor science!",none,5
7a47b47c-d5e0-4217-9bd4-4b936e87453b,"the ""turtleshell sphere"" problem",none,5
bd206cc4-aecd-4a14-a696-28d7b8348644,1 million simplified recipes dataset (simplified-recipes-1m) [oc],none,5
230ae34b-eda6-49a1-8278-9d7e910b104d,megathread: treasury denies democrats‚Äô request for trump tax returns,none,5
a994892e-5e70-4c8b-9a21-a0935c30b4eb,climate data,none,5
d7b0f6d2-0d3f-4b5b-88f6-a26126e60558,is there a list of all publicly-available data from federal and state governments/agencies?,none,5
3d475963-600f-46d5-bd16-bbd55fa36c8b,canada - anonymized mortgage dataset like us' hmda,none,5
b48b11c2-f109-48fb-b82d-32a693c20ab1,"plos science wednesday:my name is dr. sanjay basu, i published two articles in plos medicine modeling methods for preventing type 2 diabetes in india, including a hypothetical tax on sugar-sweetened beverages and assessing the effectiveness of community diabetes screenings, ask me anything",none,5
9c4ab047-5e6b-42c2-9b7c-d722a5285595,just a reminder. romney promised to bring unemployment down to 6% after four years with his economic plan. president obama just achieved this feat in half the time.,none,5
1fe115b9-a474-4254-8d70-153a7028f197,do you guys freak out when people express love and affection to you?,ptsd,4
2d3a6351-cdb9-43a7-b8e1-e3eebf3a8b3f,complex ptsd: how my family almost died and now is making history.,ptsd,4
a1c4847f-cf14-48d8-8547-8ac14e58e9c1,i feel like my experience wasnt severe enough to cause the symptoms i have. i feel guilt over it.,ptsd,4
df2c1567-87c3-4285-ab1c-d7a815171bc9,my partner just doesn't get it. i'm exhausted.,ptsd,4
b99faa9e-8cbb-4ec5-aa80-8da5c4d0cf9f,i was 450km away. i was also in the room.,ptsd,4
314f0f36-3f13-4860-b85e-5fffd5a7241d,the unspoken realities of ptsd,ptsd,4
3034fee4-5672-45eb-b058-08347c8dd097,ny fiance almost died in my arms.,ptsd,4
05497dcf-c7ea-4f90-a79b-4955dede3b14,"the best news i‚Äôve had in a long, long time",ptsd,4
128256ea-e8cb-40d0-9c08-2a54a194bb2b,anger towards everyone,ptsd,4
ca62907b-151b-4ebf-ac78-2953716e6f4d,childhood trauma can lead to mental and physical illness: world-renowned expert dr gabor mat√© says it affects brain development and relationships.,ptsd,4
9971dcd5-de08-4ab0-8b04-bde3644e8d09,afraid of therapy,ptsd,4
b79eb581-8382-4658-8e4c-e3c6756eb453,how do you deal with guilt trips?,ptsd,4
b9085a49-9fa3-4607-9bb9-ad57533dfe1b,i didn't realize it was ptsd until i went from fine to moody to crying into my husband's shoulder in the span of 5 minutes.,ptsd,4
a6999d90-bf61-4105-9e17-031c71e1ad51,"[potentially triggering] i'm advised that i cannot work, but i'm not eligible for disability either. thinking not being alive anymore is the best option.",ptsd,4
eb390673-87d6-4d73-ad25-b7f5f0e5cec2,dae fantasise about running away?,ptsd,4
c02ef287-808d-4ff7-90e0-b700bf8b47c6,cleaned my kitchen for the first time without flashbacks,ptsd,4
fd5a8bdf-7285-4390-9b3c-a53b946a295b,is a common symptom the fear that it will happen again?,ptsd,4
33d2a244-b625-45d5-abb9-9ca28416fdea,i'm going to group therapy for the first time tonight.,ptsd,4
d6a71047-92ac-428b-99c6-2c8f3a2dd5e0,does anyone else find it impossible to forgive people?,ptsd,4
7d4369e1-8e07-4921-85bf-d50ff20fe23d,"info: how mdma treats ptsd, and news that mdma has been designated a 'breakthrough therapy' by the fda for ptsd",ptsd,4
29862e2e-38c5-4ffc-9a10-76b509f07354,self help and self care resources,ptsd,4
345d9083-3afe-403a-a01b-1d68486b7f0f,will i have ptsd forever?,ptsd,4
14a0817e-f712-4cfd-9336-0afdc9aa1b74,bathroom flashbacks,ptsd,4
0c9b3387-b981-4e4f-bba6-52de8049b366,i think this is it ...,ptsd,4
cf45d75f-f8d7-49b8-9dae-7cdef656230f,ptsd vs adjustment disorder?,ptsd,4
2aaa0cd7-6b04-4b6c-af54-6f84732b9644,i finally found a hobby!,ptsd,4
7dc57fac-9a4f-44de-a94d-783d3188ff03,unworthy of a diagnosis,ptsd,4
a6ab7919-11f4-42a4-b1b5-098b33f51db9,an analogy for my flavor of ptsd,ptsd,4
abf0b0f9-959e-47ff-8c97-1d0e146af8b8,paranoid thoughts my abuser will come back to get me.,ptsd,4
34343a81-329b-4985-8f26-c1303ef6cdae,"""ruined"" due to ptsd",ptsd,4
017b77a8-265b-4416-8fac-b284877c71b5,i have mastered the mask so well that i forgot that i even have one. i‚Äôm ruining someone else‚Äôs life by putting my everything on them and when they try to breathe my earth start shaking.,ptsd,4
2215b9e1-8fa5-4e5e-87a6-223c54f8e9c8,what do you do when a loved one sets off a trigger? (trigger warning: sa),ptsd,4
f5465432-0736-4022-a659-fdc53a3643ae,so sick of hypervigilance üôÉ,ptsd,4
78bd6f13-114d-4cd8-bfa5-12d81caf4bb6,[28f]i've hit a wall when it comes to handling my ptsd and dating/developing a relationship (sorry it's kinda long),ptsd,4
801e0494-df4e-4dd4-ad52-c4a3e48e4d6b,anyone else get triggered when having surgery and/or seeing a doctor?,ptsd,4
07560e79-42c7-433d-9587-811711252d9b,i can't get over the fact that my rapist is in a happy relationship.,ptsd,4
019cc860-577f-4330-9044-7539d9d02271,sometimes it's like triggers and purposely crafted just to destroy you...,ptsd,4
9279d6e6-7482-47b5-8400-d02801436829,i have a traumatic memory that's too painful. any tips on how to make it hurt less?,ptsd,4
9f648b7b-5302-44fb-8a47-38032acd463a,is seeing things part of dissociation? dae see 'faceless' people? (x-post /cptsd),ptsd,4
4ef1c3c9-c5c7-439c-b410-07fe0a02c7db,trigger - anything that sounds like a door knock,ptsd,4
ad0abff7-6450-475e-b74a-ca5a01d8cf67,i did it,ptsd,4
a8b30326-d6c3-4260-8866-93135a4f8aca,started a new job and not even 2 weeks in and he found me.,ptsd,4
3ebb0b7e-d85b-449a-bfe4-6c19b4d3fd96,"symptoms from a fatal car crash are ruining my life, please help me.",ptsd,4
fd23b8b6-7519-46a8-a2e3-2a0d14da31aa,"finally started seeing a therapist! :) also, has anyone else tried emdr?",ptsd,4
bf68da72-9d13-4bca-904a-416a4668bf28,"i think i‚Äôm beginning to experience ptsd, and i need help.",ptsd,4
0933835d-a4e0-4399-97c7-abcc973833ad,"do any of you feel lonely because of all the bridges you‚Äôve burned? or, better yet, because you feel like you can‚Äôt let your guard down and build relationships?",ptsd,4
865834c5-844d-4f20-8e42-53c611097f30,therapy and exhaustion,ptsd,4
f1069007-46cd-4f30-8deb-b78ef2325729,flairs up,ptsd,4
c5edfc4b-a0a3-4f0b-ba50-b5674bfa3f71,"[update] i was worried about twilight anesthesia, but everything went very well for the first time using it.",ptsd,4
0b3568eb-534f-42f9-80a5-b84be2eabcd5,does anyone else have repressed memories to the point where they can‚Äôt remember something until just suddenly pops into your brain during a conversation?,ptsd,4
c8a19883-9903-4409-acdc-fef6dd4a3997,it‚Äôs sad how issues in elementary school can affect people‚Äôs entire lives,ptsd,4
e28af7ac-dd5d-4608-8ce0-d60db5358898,why do i get such a strong urge to view things that i know will trigger me?,ptsd,4
7ae25838-98b1-4752-86f0-2fd330872fe7,"can't afford therapy, so what the hell do i do now?",ptsd,4
82220443-fdc9-4531-8908-acd0cb16bbc5,a man who raped me died today.,ptsd,4
db24165e-f80c-46c6-bcb2-8eaf2c02e42c,anyone else feel angry constantly?,ptsd,4
b67f9018-871f-4d18-8bb3-e6eaa39bc0e7,agitation,ptsd,4
e45811f4-d12c-4046-b901-eb0a61d0d02a,the 7th anniversary of my assault passed without my realizing!,ptsd,4
da80c2c1-880c-4894-a4f3-e04634918ddb,"happy rant: i had sex without having a panic attack, crying, or dissociating!",ptsd,4
b2e7b903-302c-4a15-935c-46f885c9bbe4,the best advice i ever received about ptsd,ptsd,4
7313ea8b-58f2-4664-9e1b-c383509f3561,ptsd,ptsd,4
187331cf-81e6-4279-979f-02a488bbf256,"this is a little reflection i just wrote about fear, dissociation and the cognitive fuzziness that comes with. wonder if anyone relates to it.",ptsd,4
38ec3b59-8191-4c15-a359-b82d659d9480,"does it get better, though....?",ptsd,4
1ef3c726-a3c3-4237-9b74-02d06e55d6b8,trouble with affection/touch,ptsd,4
b650105c-0f5e-4ac2-afa3-44b60a6c27e8,first session of emdr left me suicidal?,ptsd,4
a6985674-f14d-4c82-9daf-118f487f536a,cutting myself off from mother,ptsd,4
2f798ac6-291e-4bdd-8b8c-839fc7d5e0db,ptsd catches up with you.,ptsd,4
31572a45-d4a9-492e-a1fb-1a3521967a93,"i feel like i‚Äôm going crazy, especially towards nighttime",ptsd,4
d0870901-f58c-4e03-b6c2-7bc82c18495c,"(20f) my short term memory is awful, my attention span is non existent, i legitimately cannot concentrate on or ‚Äúhear‚Äù anything that‚Äôs being said in a convo. how do i go back to normal comprehension skills?",ptsd,4
8b4ed411-36a1-496d-8114-e917e1326cf7,feels good to cry.,ptsd,4
0c971f59-5596-4dd8-8ee6-003dda38184a,update on my ptsd afflicted husband,ptsd,4
13b4c7e1-ec4a-4426-821d-5c40fab49cf0,trying to re-learn how to give basic trust to people during the pandemic is futile.,ptsd,4
1b55fd09-56c2-48c4-8e79-695ef0c78c4a,overwhelmed and alone,ptsd,4
e5ea37c5-036d-4797-ba0b-18a2dc13f42a,help finding a job with people anxiety?,ptsd,4
a93df3e8-b8d1-4399-af1b-45ad0ff496e2,"can't seem to focus or retain information i've just read, really struggling with college and life because of this.",ptsd,4
c1fecc76-0401-495f-9c17-a346d14614bd,hey all,ptsd,4
12785c36-52c8-4033-9172-7e18dde57430,does anyone else struggle with feeling real?,ptsd,4
92944996-2181-4e4d-ad21-51272ddaf936,"does anyone else get physically sick (colds, strep, etc.) after a bad bout of ptsd?",ptsd,4
4f4e0229-4317-4bb5-aa21-3fff651e9826,unable to feel safe or let go,ptsd,4
69b1d75b-29a4-473c-a60a-f84cff00d0f4,has anyone had audible hallucinations?,ptsd,4
6d11feff-8021-45f1-9cda-861dd74d18b9,it's been 10 years and i still can't sleep at night,ptsd,4
7d95d643-f3a1-4604-89f1-db51a9a9f5a3,flashbacks/hypervigilance from door knocking sounds?,ptsd,4
5889ba68-720f-4dab-8937-baab38c7e3be,what do you do when your family is constantly triggering you and a few are partial sources of the traumas?,ptsd,4
caec6015-cd01-43a8-b1a1-0a5e6c9e859f,does anyone yell or talk in their sleep?,ptsd,4
eb0c8216-9bb4-47df-b147-5374e97ca93b,the stigma associated with ptsd,ptsd,4
83799cfd-cb26-4828-b469-341129cce917,diagnosed with complex ptsd and major depressive disorder today after a few weeks of assessment. was told that my score was severe for both. i'm not doing okay.,ptsd,4
69a1f6a9-7754-4670-a68c-919074bd8d93,"i came to this subreddit for support, got hate-mail instead...",ptsd,4
12a42990-904b-4c7e-997f-3ac632c39283,i was diagnosed with ptsd a few weeks ago and now have to stop treatments already.,ptsd,4
837bae71-e0d5-4dd9-b3ee-32317ed70a05,can you help with resources for children under 6 who have ptsd?,ptsd,4
cdcf9755-1f22-4d2c-b5a7-6d79ccb0dbe3,ptsd and the weed,ptsd,4
6559f367-2775-41ea-932c-a065eae7c99d,i‚Äôm so over this life. i‚Äôve fought as much as i can and i‚Äôm loosing the fight.,ptsd,4
ddf92a16-58b3-4267-b442-62a1935df779,i dissociate almost 24/7,ptsd,4
cfda962b-dfc2-4f3b-8892-86ff27c750ef,i hate that i think people have the worst intentions/are out to get me/hate me,ptsd,4
112d959e-f42b-4b6c-a31f-8c570b67886a,pls help. i can't stop these flashbacks and i can't take it anymore.,ptsd,4
92ead6a1-6466-4e46-9eed-796f2e87ce91,"i just got diagnosed with ptsd. i have several and serious mental problems, but this is way far the worst.",ptsd,4
cd04535a-6919-4014-8842-2d5379e070fc,i'm 19. i can't remember most of my life before i moved out of my parent's house.,ptsd,4
9931965f-894a-45f1-87c3-43a6fc91bbdf,does anyone else have triggers you don't tell people about because you think they sound stupid?,ptsd,4
8561c665-0e10-44a9-9dae-aab5caa3d9a3,aesthetics and ptsd,ptsd,4
9f313993-323b-4c52-b08e-ca5502029677,(potential trigger warnings) what were some symptoms you realized you had but didn‚Äôt know they were symptoms until someone explained the definition more realistically to you?,ptsd,4
dd236cb8-bed2-4a44-88ec-aa74b6d84fb0,anybody else have ptsd from mst?,ptsd,4
a83b697d-0b8c-4754-b119-b6a83d58ef4b,does anyone have memory problems?,ptsd,4